,T,Topics,dof,alternative,p-val,CI95%,cohen-d,BF10,power,Type
T-test,-5.339373189918616,45,1662,two-sided,1.0613848255025851e-07,[-0.01 -0.01],0.12001460716948689,3.705e+04,0.9983127402449626,UMASS
T-test,-2.7402495057456036,31,1662,two-sided,0.0062049355640902155,[-0.01 -0.  ],0.06357219259178327,1.163,0.7359841030786112,CV
