,T,Topics,dof,alternative,p-val,CI95%,cohen-d,BF10,power,Type
T-test,-5.835581659442474,45,1738,two-sided,6.380679350643448e-09,[-0.01 -0.01],0.12986234564585056,5.53e+05,0.9997222341766504,UMASS
T-test,-3.212075727338703,31,1738,two-sided,0.0013419094291918195,[-0.01 -0.  ],0.07328502795405363,4.59,0.8631168718921569,CV
