,T,dof,alternative,p-val,CI95%,cohen-d,BF10,power,Type
T-test,-3.212075727338703,1738,two-sided,0.0013419094291918195,[-0.01 -0.  ],0.07328502795405363,4.59,0.8631168718921569,cv
