,T,dof,alternative,p-val,CI95%,cohen-d,BF10,power,Type
T-test,-2.7402495057456036,1662,two-sided,0.0062049355640902155,[-0.01 -0.  ],0.06357219259178327,1.163,0.7359841030786112,CV
