,T,dof,alternative,p-val,CI95%,cohen-d,BF10,power,Method
T-test,-26.692059779143737,872,two-sided,3.3169308745980934e-115,[-0.05 -0.05],0.7004492625117222,2.375e+111,1.0,Smaller
T-test,30.460491735763586,789,two-sided,2.4112023827688223e-135,[0.04 0.05],0.6962093951450637,2.834e+131,1.0,Bigger
