,T,dof,alternative,p-val,CI95%,cohen-d,BF10,power,Method
T-test,-26.880281016786032,921,two-sided,5.9038714253145835e-118,[-0.05 -0.05],0.7038522386561117,1.298e+114,1.0,Smaller
T-test,30.973331328071097,816,two-sided,6.936788530146568e-140,[0.04 0.05],0.688695146015398,9.528e+135,1.0,Bigger
