,T,dof,alternative,p-val,CI95%,cohen-d,BF10,power,Type
T-test,-5.835581659442474,1738,two-sided,6.380679350643448e-09,[-0.01 -0.01],0.12986234564585056,5.53e+05,0.9997222341766504,umass
