,T,dof,alternative,p-val,CI95%,cohen-d,BF10,power,Method
T-test,-29.868347908706852,917,two-sided,1.868191007821392e-137,[-0.05 -0.05],0.7265468564761797,3.569e+133,1.0,Smaller
T-test,29.019782148200548,744,two-sided,1.9965034101560134e-124,[0.04 0.04],0.6500746778782103,3.723e+120,1.0,Bigger
