,T,dof,alternative,p-val,CI95%,cohen-d,BF10,power,Type
T-test,-5.339373189918616,1662,two-sided,1.0613848255025851e-07,[-0.01 -0.01],0.12001460716948689,3.705e+04,0.9983127402449626,umass
