,T,dof,alternative,p-val,CI95%,cohen-d,BF10,power,Method
T-test,-30.026373327578224,967,two-sided,1.755237119425353e-140,[-0.05 -0.05],0.7306261769732789,3.706e+136,1.0,Smaller
T-test,29.44911169668842,770,two-sided,2.8885317850515236e-128,[0.04 0.04],0.6528864861251139,2.495e+124,1.0,Bigger
